f_group_id,t_group_id,h_group_id,f_name,domain_count,min_length,max_length,mean_length,median_length,stddev_length,pdb_count,afdb_count
11.1.1.0,11.1.1,11.1,,2380,20,285,98.34621848739496,99.0,37.50257783470579,1799,581
11.1.1.1,11.1.1,11.1,Cadherin,4743,25,735,111.15939278937381,110.0,23.046848199844945,994,3749
11.1.1.10,11.1.1,11.1,PapD_N,286,35,310,125.0,121.0,23.105858602406144,133,153
11.1.1.100,11.1.1,11.1,"V-set,C2-set_2",486,25,490,109.19753086419753,105.0,32.775431993253825,3,483
11.1.1.101,11.1.1,11.1,"V-set,Mst1_SARAH",351,25,225,106.37891737891738,100.0,28.37839238316988,26,325
11.1.1.102,11.1.1,11.1,A2M_BRD,295,30,735,144.12881355932203,109.0,117.907451096603,210,85
11.1.1.103,11.1.1,11.1,CARDB,26,70,195,114.61538461538461,106.0,35.75480602445151,6,20
11.1.1.104,11.1.1,11.1,RabGGT_insert,15,95,145,108.33333333333333,107.0,11.241928321286895,3,12
11.1.1.105,11.1.1,11.1,Coatamer_beta_C,23,25,155,111.26086956521739,123.0,33.9226625660947,15,8
11.1.1.106,11.1.1,11.1,LRR_adjacent,74,55,115,83.5,80.0,10.79732336187177,55,19
11.1.1.107,11.1.1,11.1,V-set_CD47,28,110,149,116.78571428571429,115.0,9.727232269204206,21,7
11.1.1.108,11.1.1,11.1,C2-set_2,398,30,370,110.35929648241206,102.0,28.678080370038114,154,244
11.1.1.11,11.1.1,11.1,Usher,140,65,170,78.69285714285714,75.0,14.794465438309837,20,120
11.1.1.110,11.1.1,11.1,Cadherin_2,517,25,414,101.19148936170212,99.0,23.32713272622924,73,444
11.1.1.111,11.1.1,11.1,ChitinaseA_N,55,79,153,110.03636363636363,109.0,8.940054760714787,51,4
11.1.1.112,11.1.1,11.1,Integrin_A_Ig_1,198,95,215,155.03030303030303,156.0,11.00895302052898,94,104
11.1.1.113,11.1.1,11.1,BT_3987-like_N,13,105,167,137.53846153846155,137.0,14.186938738474582,12,1
11.1.1.114,11.1.1,11.1,COP-gamma_platf,138,30,175,141.3768115942029,145.0,20.152050808879483,20,118
11.1.1.115,11.1.1,11.1,Cadherin_pro,16,30,136,98.5,102.5,28.35489375751565,1,15
11.1.1.116,11.1.1,11.1,SoxZ,23,84,195,109.30434782608695,107.0,19.620107456402742,18,5
11.1.1.117,11.1.1,11.1,EpoR_lig-bind,168,30,180,103.98214285714286,100.0,13.522424584302634,82,86
11.1.1.118,11.1.1,11.1,Adhes-Ig_like,11,104,130,112.27272727272727,108.0,8.556762344378965,9,2
11.1.1.119,11.1.1,11.1,Cyc-maltodext_N,24,90,200,106.0,93.0,24.775513858576613,13,11
11.1.1.12,11.1.1,11.1,Filamin,849,25,1595,107.96466431095406,100.0,61.430710890259924,123,726
11.1.1.120,11.1.1,11.1,Qn_am_d_aIII,16,45,170,103.4375,97.5,31.30701465593081,4,12
11.1.1.121,11.1.1,11.1,Qn_am_d_aIV,7,30,195,127.57142857142857,131.0,48.84279934257503,4,3
11.1.1.122,11.1.1,11.1,GO-like_E_set,103,25,159,105.4368932038835,105.0,19.07141886971625,28,75
11.1.1.123,11.1.1,11.1,Invasin_D3,254,65,258,102.24015748031496,100.0,17.984880605939104,15,239
11.1.1.124,11.1.1,11.1,Glucodextran_B,28,80,200,112.39285714285714,105.0,27.70390971968783,2,26
11.1.1.125,11.1.1,11.1,CD4-extracel,35,90,225,116.14285714285714,112.0,22.539041757833107,19,16
11.1.1.126,11.1.1,11.1,IL4Ra_N,39,30,165,99.53846153846153,98.0,21.061121769802035,15,24
11.1.1.127,11.1.1,11.1,IL6Ra-bind,160,25,730,108.49375,102.0,54.47750639328299,53,107
11.1.1.128,11.1.1,11.1,DUF1968,790,30,149,88.17341772151899,89.0,10.387501128080352,782,8
11.1.1.129,11.1.1,11.1,Interfer-bind,432,35,525,110.93518518518519,104.5,34.55316980181555,143,289
11.1.1.13,11.1.1,11.1,Motile_Sperm,604,25,244,126.59933774834437,125.0,21.636566912360816,63,541
11.1.1.130,11.1.1,11.1,Inhibitor_I42,69,33,165,106.08695652173913,109.0,22.558902723129314,23,46
11.1.1.131,11.1.1,11.1,EB_dh,21,195,303,268.9047619047619,290.0,35.65235582946064,9,12
11.1.1.132,11.1.1,11.1,YscW,30,25,220,102.53333333333333,110.0,38.84072989595554,5,25
11.1.1.134,11.1.1,11.1,IL12p40_C,98,85,185,117.77551020408163,122.0,16.3047843286886,45,53
11.1.1.135,11.1.1,11.1,Ig_Tie2_1,13,30,110,92.46153846153847,99.0,19.44914473104745,3,10
11.1.1.136,11.1.1,11.1,"Peptidase_M66,StcE_b-sandwich",28,115,254,143.75,130.0,37.11007150905812,1,27
11.1.1.137,11.1.1,11.1,Tafi-CsgC,18,75,145,102.5,95.0,20.951624954530235,3,15
11.1.1.138,11.1.1,11.1,NPCBM_assoc,29,95,155,117.75862068965517,105.0,19.36612501326883,11,18
11.1.1.139,11.1.1,11.1,Iron_transport,91,115,220,155.72527472527472,157.0,11.855674622602493,76,15
11.1.1.14,11.1.1,11.1,Glyco_hydro_2,1086,25,365,114.08011049723757,114.0,24.285931722277315,730,356
11.1.1.140,11.1.1,11.1,HAP2-GCS1,58,45,428,128.91379310344828,115.0,49.69001611138223,8,50
11.1.1.141,11.1.1,11.1,VERL,16,108,120,109.875,109.0,2.918332857414772,16,0
11.1.1.142,11.1.1,11.1,DsbD_N,93,55,180,117.44086021505376,115.0,15.379590064638743,24,69
11.1.1.143,11.1.1,11.1,Receptor_2B4,12,85,170,114.16666666666667,108.0,23.36988479114767,6,6
11.1.1.146,11.1.1,11.1,DUF3244,71,28,225,101.38028169014085,95.0,38.886048249866505,7,64
11.1.1.147,11.1.1,11.1,AlcCBM31,12,70,92,87.33333333333333,88.5,5.836146507808561,6,6
11.1.1.148,11.1.1,11.1,FixG_C,31,25,150,115.06451612903226,115.0,20.602484451914965,1,30
11.1.1.15,11.1.1,11.1,PKD,25,25,205,106.52,95.0,33.424192834931205,6,19
11.1.1.150,11.1.1,11.1,Velvet,86,75,235,186.87209302325581,195.0,28.688918340845746,3,83
11.1.1.151,11.1.1,11.1,Candida_ALS_N,54,110,215,153.03703703703704,155.0,12.87085776995657,24,30
11.1.1.152,11.1.1,11.1,Enterochelin_N,24,125,160,146.875,145.0,6.713467969232671,13,11
11.1.1.153,11.1.1,11.1,ERAP1_C,62,75,200,96.75806451612904,90.0,22.944470017614528,5,57
11.1.1.154,11.1.1,11.1,GlgE_dom_N_S,90,125,225,192.5222222222222,195.0,11.751383162938618,64,26
11.1.1.155,11.1.1,11.1,DUF3458,163,65,245,104.6441717791411,102.0,21.44924557123742,115,48
11.1.1.156,11.1.1,11.1,bMG3,37,55,160,94.13513513513513,88.0,20.91140327158335,8,29
11.1.1.158,11.1.1,11.1,GldM_4th,22,70,119,96.13636363636364,111.0,22.827083860531935,22,0
11.1.1.159,11.1.1,11.1,Xylo_C,30,40,215,161.66666666666666,175.0,43.317857537154296,2,28
11.1.1.16,11.1.1,11.1,Transglut_N,124,85,188,151.4516129032258,145.0,19.286186487932543,65,59
11.1.1.160,11.1.1,11.1,CD45,9,70,75,74.11111111111111,75.0,1.6914819275153699,6,3
11.1.1.161,11.1.1,11.1,TPPII,27,110,135,121.92592592592592,120.0,5.0147929317318924,1,26
11.1.1.162,11.1.1,11.1,Inhibitor_I71,5,64,136,107.6,128.0,33.117970952339455,2,3
11.1.1.163,11.1.1,11.1,BsuPI,79,75,165,138.0506329113924,140.0,12.263034649916667,1,78
11.1.1.164,11.1.1,11.1,Trs65,56,108,170,135.42857142857142,130.0,19.518622476410147,16,40
11.1.1.165,11.1.1,11.1,ATG19,9,25,135,90.77777777777777,110.0,39.4327838789559,2,7
11.1.1.168,11.1.1,11.1,TraQ_transposon,31,50,215,120.03225806451613,116.0,33.6407331182182,6,25
11.1.1.169,11.1.1,11.1,BACON,29,85,170,115.13793103448276,110.0,25.69564184550012,4,25
11.1.1.17,11.1.1,11.1,Transglut_C,491,55,245,120.13441955193483,115.0,23.826975293817476,126,365
11.1.1.170,11.1.1,11.1,Glyco_hydro_66,61,25,336,140.49180327868854,119.0,65.57937250660954,26,35
11.1.1.171,11.1.1,11.1,Big_5,65,75,210,98.49230769230769,90.0,23.119339223988348,11,54
11.1.1.172,11.1.1,11.1,Fn3_assoc,51,55,270,89.05882352941177,80.0,29.36352278913815,3,48
11.1.1.174,11.1.1,11.1,SoxY,41,80,228,126.26829268292683,115.0,32.68334774028198,23,18
11.1.1.175,11.1.1,11.1,CHU_C,20,110,225,189.9,215.0,33.923908662584395,4,16
11.1.1.177,11.1.1,11.1,FlgD_ig,40,25,160,91.925,91.0,19.31040306846718,24,16
11.1.1.178,11.1.1,11.1,Ig_2,784,25,760,98.63520408163265,94.0,33.324628525604545,338,446
11.1.1.179,11.1.1,11.1,Ig_3,2349,25,480,103.88888888888889,98.0,29.41309782528402,531,1818
11.1.1.18,11.1.1,11.1,LTD,145,35,250,126.00689655172414,123.0,26.93007832840347,41,104
11.1.1.182,11.1.1,11.1,Fn3-like,357,25,290,131.27450980392157,126.0,25.679917066836385,139,218
11.1.1.183,11.1.1,11.1,DUF4426,31,70,190,125.3225806451613,120.0,23.857056393967515,4,27
11.1.1.184,11.1.1,11.1,Wzt_C,33,120,249,160.9090909090909,155.0,30.92163849592591,11,22
11.1.1.185,11.1.1,11.1,DBB,67,25,225,114.11940298507463,110.0,26.57837032880576,5,62
11.1.1.187,11.1.1,11.1,EFF-AFF,24,45,135,105.54166666666667,105.0,18.344479483927362,5,19
11.1.1.188,11.1.1,11.1,PBP-Tp47_c,5,95,126,118.4,125.0,13.315404612703288,2,3
11.1.1.189,11.1.1,11.1,PTCRA,8,100,110,104.5,104.5,2.7774602993176543,3,5
11.1.1.19,11.1.1,11.1,Alpha_E2_glycop,470,59,167,112.28936170212766,130.0,28.937939874795006,460,10
11.1.1.190,11.1.1,11.1,G6B,18,95,235,117.05555555555556,105.0,38.23991173725696,2,16
11.1.1.191,11.1.1,11.1,CBM39,24,28,125,100.66666666666667,101.0,16.753109164172084,10,14
11.1.1.192,11.1.1,11.1,V-set_2,23,25,145,113.30434782608695,118.0,29.20061453682205,7,16
11.1.1.193,11.1.1,11.1,CDH-cyt,174,58,245,169.30459770114942,165.0,25.994314220662528,14,160
11.1.1.194,11.1.1,11.1,CBM9_2,15,65,219,189.2,195.0,37.64343995211611,2,13
11.1.1.196,11.1.1,11.1,N_BRCA1_IG,48,90,140,118.41666666666667,120.0,8.826539606121965,6,42
11.1.1.197,11.1.1,11.1,RHD_dimer,258,75,275,109.46511627906976,104.0,21.70837723562785,146,112
11.1.1.2,11.1.1,11.1,fn3,5035,25,895,106.16007944389276,100.0,37.312851708970015,1338,3697
11.1.1.20,11.1.1,11.1,Neocarzinostat,37,30,135,109.83783783783784,112.0,14.453975834261568,27,10
11.1.1.200,11.1.1,11.1,SGBP_BT4661-like,38,64,175,110.0,110.0,19.879365915169156,13,25
11.1.1.201,11.1.1,11.1,DUF4962,7,100,133,116.42857142857143,117.0,13.277263057035297,5,2
11.1.1.202,11.1.1,11.1,DUF4973,9,137,160,147.44444444444446,147.0,6.002314368456369,9,0
11.1.1.203,11.1.1,11.1,LacZ_4,533,38,240,104.81988742964353,105.0,11.11142380998261,444,89
11.1.1.204,11.1.1,11.1,DUF4982,136,28,210,98.78676470588235,97.0,22.353857265369726,75,61
11.1.1.206,11.1.1,11.1,IL17R_fnIII_D1,47,29,300,144.59574468085106,155.0,43.89644908609554,6,41
11.1.1.207,11.1.1,11.1,AMPK1_CBM,257,35,125,93.49027237354086,94.0,13.890788550912,97,160
11.1.1.208,11.1.1,11.1,HECW_N,9,87,115,105.33333333333333,106.0,8.093207028119323,2,7
11.1.1.209,11.1.1,11.1,IL17R_fnIII_D2,34,80,165,119.73529411764706,108.5,24.011750688423255,6,28
11.1.1.21,11.1.1,11.1,Tissue_fac,358,60,205,101.07821229050279,100.0,14.064657620931346,153,205
11.1.1.210,11.1.1,11.1,ZirS_C,11,35,360,130.54545454545453,115.0,81.50504725029442,3,8
11.1.1.211,11.1.1,11.1,DUF5060,13,68,250,123.23076923076923,115.0,46.139559754715634,2,11
11.1.1.212,11.1.1,11.1,Big_3_5,10,80,225,112.7,100.0,41.35765413506375,2,8
11.1.1.213,11.1.1,11.1,PhoD_N,23,85,140,110.95652173913044,109.0,13.472120238307518,2,21
11.1.1.214,11.1.1,11.1,Pur_ac_phosph_N,228,45,160,107.6798245614035,106.0,13.77119946739745,65,163
11.1.1.215,11.1.1,11.1,Ig_4,36,25,105,82.58333333333333,81.0,16.78498478657977,18,18
11.1.1.216,11.1.1,11.1,Ig_5,91,70,140,87.61538461538461,85.0,10.20976572891446,45,46
11.1.1.217,11.1.1,11.1,Izumo-Ig,40,30,130,93.25,95.0,15.200792826826586,20,20
11.1.1.218,11.1.1,11.1,SCAB-Ig,75,49,150,98.01333333333334,100.0,14.288053347761146,2,73
11.1.1.22,11.1.1,11.1,Lysyl_oxidase,40,80,217,203.95,210.0,28.617683254795363,2,38
11.1.1.220,11.1.1,11.1,UL141,5,206,238,216.8,213.0,12.31665539016173,5,0
11.1.1.222,11.1.1,11.1,fn3_2,30,68,135,89.63333333333334,92.0,16.863515674957586,20,10
11.1.1.223,11.1.1,11.1,Ceramidse_alk_C,41,30,180,136.0731707317073,140.0,25.809291199006648,5,36
11.1.1.224,11.1.1,11.1,T9SS_plug_1st,35,95,205,138.71428571428572,140.0,18.29910224183533,2,33
11.1.1.226,11.1.1,11.1,DUF5126,5,85,105,96.8,100.0,7.661592523751182,1,4
11.1.1.227,11.1.1,11.1,Arylsulfotran_N,19,90,180,104.89473684210526,102.0,18.44780847219801,14,5
11.1.1.229,11.1.1,11.1,IRK_C,343,30,212,178.82507288629736,180.0,20.164927021760274,216,127
11.1.1.23,11.1.1,11.1,Expansin_C,339,30,135,96.45132743362832,95.0,7.716873639321243,29,310
11.1.1.230,11.1.1,11.1,YBD,162,35,262,219.19753086419752,219.0,29.10205634154561,109,53
11.1.1.231,11.1.1,11.1,BslA,25,80,250,134.92,124.0,29.184642079925073,14,11
11.1.1.232,11.1.1,11.1,SKICH,92,75,335,119.77173913043478,115.0,35.613648223670246,14,78
11.1.1.233,11.1.1,11.1,Ig_mannosidase,106,60,110,82.64150943396227,81.0,11.220889260444034,37,69
11.1.1.234,11.1.1,11.1,RET_CLD1,21,105,130,122.80952380952381,122.0,5.73253039781777,14,7
11.1.1.235,11.1.1,11.1,fn3_6,356,40,340,111.28651685393258,105.0,26.0931578793217,9,347
11.1.1.236,11.1.1,11.1,Mannosidase_ig,144,70,229,109.66666666666667,105.0,17.972006203899635,51,93
11.1.1.237,11.1.1,11.1,MG4,245,50,695,120.19591836734693,104.0,66.64834913400624,131,114
11.1.1.238,11.1.1,11.1,MG1,163,80,400,111.46625766871166,103.0,30.253513663621376,111,52
11.1.1.239,11.1.1,11.1,MG3,236,75,175,124.21186440677967,124.0,12.97910051298691,128,108
11.1.1.24,11.1.1,11.1,"PSI,TIG",108,25,215,96.61111111111111,95.0,20.86307534311722,5,103
11.1.1.241,11.1.1,11.1,fn3_PAP,50,30,170,117.94,120.0,25.135883773227956,3,47
11.1.1.242,11.1.1,11.1,RET_CLD3,19,100,135,119.42105263157895,115.0,9.203355604667513,13,6
11.1.1.243,11.1.1,11.1,RET_CLD4,24,91,160,118.41666666666667,115.0,16.47373843336765,13,11
11.1.1.244,11.1.1,11.1,Cadherin_5,15,90,125,107.46666666666667,110.0,9.006875680490406,3,12
11.1.1.245,11.1.1,11.1,Big_6,59,64,180,102.37288135593221,100.0,25.880959786794634,12,47
11.1.1.246,11.1.1,11.1,Big_7,108,35,230,109.03703703703704,105.0,25.968682046141055,20,88
11.1.1.247,11.1.1,11.1,TIG_plexin,18,91,96,94.61111111111111,95.0,1.7197431028701005,18,0
11.1.1.248,11.1.1,11.1,bMG6,27,91,190,130.92592592592592,130.0,23.310489428129074,7,20
11.1.1.249,11.1.1,11.1,Big_9,9,65,127,115.22222222222223,125.0,20.26559755952053,6,3
11.1.1.250,11.1.1,11.1,Big_10,182,25,205,121.81318681318682,101.0,43.47232868226443,115,67
11.1.1.251,11.1.1,11.1,Pullulanase_N2,38,110,130,121.92105263157895,124.5,4.867884711527443,33,5
11.1.1.252,11.1.1,11.1,bMG1,31,80,165,117.41935483870968,110.0,18.126912209103875,6,25
11.1.1.253,11.1.1,11.1,LIFR_D2,30,44,132,104.9,105.0,17.026044957551115,4,26
11.1.1.254,11.1.1,11.1,bMG5,23,25,155,116.30434782608695,127.0,30.183431310765506,7,16
11.1.1.255,11.1.1,11.1,LodA_N,50,247,360,344.86,360.0,36.892015617563246,50,0
11.1.1.256,11.1.1,11.1,PulA_N1,63,35,170,108.80952380952381,115.0,23.251678498452357,9,54
11.1.1.257,11.1.1,11.1,Top6b_C,23,65,155,109.65217391304348,110.0,19.79579545728237,1,22
11.1.1.258,11.1.1,11.1,Il13Ra_Ig,20,80,330,107.95,98.0,53.39473165417214,3,17
11.1.1.259,11.1.1,11.1,DUF3823_C,26,97,170,117.46153846153847,98.5,28.431293701456173,18,8
11.1.1.26,11.1.1,11.1,Herpes_glycop_D,45,100,286,230.04444444444445,242.0,38.729220560870125,42,3
11.1.1.260,11.1.1,11.1,TIG_2,91,70,340,104.86813186813187,100.0,26.71837020612048,14,77
11.1.1.261,11.1.1,11.1,TQ,18,120,168,143.16666666666666,138.0,18.049767800364048,10,8
11.1.1.262,11.1.1,11.1,LIFR_N,44,50,125,88.0909090909091,88.0,14.085813714214147,3,41
11.1.1.263,11.1.1,11.1,S-l_SbsC_C,7,75,120,99.57142857142857,106.0,16.318263212907013,4,3
11.1.1.264,11.1.1,11.1,Ig_GlcNase,33,100,175,117.36363636363636,120.0,12.641247421185788,14,19
11.1.1.265,11.1.1,11.1,RGI_lyase,14,80,115,88.14285714285714,88.5,8.89993209012244,8,6
11.1.1.266,11.1.1,11.1,Peptidase_M23_N,10,75,100,79.6,76.0,7.56012933457858,6,4
11.1.1.267,11.1.1,11.1,ECD,26,30,130,109.88461538461539,113.0,18.062839030621788,13,13
11.1.1.268,11.1.1,11.1,EstA_Ig_like,7,134,175,141.57142857142858,134.0,15.284601650649833,4,3
11.1.1.269,11.1.1,11.1,FN3_7,37,70,205,99.78378378378379,91.0,22.726801523916812,15,22
11.1.1.27,11.1.1,11.1,Hanta_Gn-H,16,156,159,157.5625,158.0,1.0935416468216166,16,0
11.1.1.270,11.1.1,11.1,CBM46,10,103,107,104.3,104.0,1.4944341180973264,10,0
11.1.1.271,11.1.1,11.1,Ig_6,114,55,405,114.56140350877193,101.0,54.31081234741145,34,80
11.1.1.272,11.1.1,11.1,TcA_RBD,69,99,147,133.46376811594203,129.0,8.137747394170047,68,1
11.1.1.273,11.1.1,11.1,Glyco_hydro2_C5,94,40,295,114.79787234042553,112.5,26.523505415205012,49,45
11.1.1.274,11.1.1,11.1,ObR_Ig,59,95,140,109.44067796610169,106.0,7.933497698955595,42,17
11.1.1.275,11.1.1,11.1,IL3Ra_N,29,72,155,91.93103448275862,85.0,23.146939067128073,8,21
11.1.1.276,11.1.1,11.1,Peptidase_M60_C,71,30,145,77.54929577464789,75.0,16.707388213767985,10,61
11.1.1.277,11.1.1,11.1,EcpB_C,30,75,75,75.0,75.0,0.0,1,29
11.1.1.278,11.1.1,11.1,IrmA,16,30,165,121.125,120.0,31.65833223655346,2,14
11.1.1.279,11.1.1,11.1,TarS_C1,16,90,160,134.0625,139.5,18.244519725111978,4,12
11.1.1.28,11.1.1,11.1,Alpha_E1_glycop,310,51,293,124.20645161290322,100.0,69.99955587230292,304,6
11.1.1.280,11.1.1,11.1,ChiW_Ig_like,75,90,155,133.16,135.0,8.135740302533646,5,70
11.1.1.281,11.1.1,11.1,MALT1_Ig,38,108,155,139.3421052631579,138.0,10.703059213568835,24,14
11.1.1.282,11.1.1,11.1,DUF5643,8,135,204,162.875,150.0,28.53788209180412,1,7
11.1.1.283,11.1.1,11.1,IL2RB_N1,42,25,180,101.42857142857143,95.0,23.658281546094713,20,22
11.1.1.284,11.1.1,11.1,PKD_4,130,65,185,94.49230769230769,90.0,19.12474194134907,39,91
11.1.1.285,11.1.1,11.1,RibLong,12,35,165,110.25,107.0,31.84943270509482,3,9
11.1.1.286,11.1.1,11.1,Phlebo_G2_C,75,89,169,99.98666666666666,93.0,13.205745405379876,56,19
11.1.1.288,11.1.1,11.1,Big_13,21,75,135,101.66666666666667,100.0,12.982038874280624,11,10
11.1.1.29,11.1.1,11.1,TIG,1257,25,710,95.73985680190931,90.0,42.77386409923095,174,1083
11.1.1.290,11.1.1,11.1,ASTN1_2_fn3,19,29,190,102.05263157894737,126.0,54.436990777524436,5,14
11.1.1.291,11.1.1,11.1,TIG_SUH,100,75,160,108.29,113.0,14.897152463311622,20,80
11.1.1.292,11.1.1,11.1,GspA_SrpA_N,53,119,153,124.20754716981132,123.0,5.4361980866369555,51,2
11.1.1.293,11.1.1,11.1,DUF4784_N,5,80,115,99.2,108.0,15.61089363233252,2,3
11.1.1.295,11.1.1,11.1,Herpes_gp350_C,5,112,140,125.0,129.0,12.529964086141668,4,1
11.1.1.296,11.1.1,11.1,Hanta_Gc_C,29,61,115,92.65517241379311,101.0,16.88887178433726,29,0
11.1.1.297,11.1.1,11.1,Integrin_A_Ig_2,224,25,245,142.4375,140.0,25.40339345644867,54,170
11.1.1.298,11.1.1,11.1,Integrin_A_Ig_3,116,75,265,192.74137931034483,190.0,23.36333831479128,34,82
11.1.1.299,11.1.1,11.1,DUF4785_2nd,50,80,230,136.88,125.0,42.85697142822857,2,48
11.1.1.3,11.1.1,11.1,ig,1071,25,615,104.61811391223156,100.0,29.417122749036345,535,536
11.1.1.30,11.1.1,11.1,"TIG,COE1_HLH",149,25,270,108.54362416107382,100.0,33.166142623260235,10,139
11.1.1.300,11.1.1,11.1,DUF4785_3rd,12,105,170,140.25,152.5,24.391224204246456,2,10
11.1.1.301,11.1.1,11.1,Sde0182_C,22,35,195,117.63636363636364,112.5,32.956747202161594,1,21
11.1.1.302,11.1.1,11.1,Reovirus_L2_6th,19,75,115,95.57894736842105,99.0,9.616627899827606,8,11
11.1.1.303,11.1.1,11.1,Reovirus_L2_7th,8,92,102,98.875,100.5,3.758324094593227,8,0
11.1.1.305,11.1.1,11.1,TibC_1st,27,35,85,82.11111111111111,84.0,9.516517354794377,24,3
11.1.1.306,11.1.1,11.1,A2M_bMG2,23,60,605,144.7826086956522,126.0,102.01513101752,8,15
11.1.1.307,11.1.1,11.1,C4_MG1,23,90,165,114.3913043478261,117.0,13.65396755670401,13,10
11.1.1.308,11.1.1,11.1,ICAM1_3_5_D2,49,95,375,120.48979591836735,100.0,48.48587528384753,11,38
11.1.1.309,11.1.1,11.1,PrkC-like_PASTA-like,14,40,140,91.42857142857143,84.0,28.34326479678478,1,13
11.1.1.31,11.1.1,11.1,MG2,422,70,815,129.35781990521326,103.0,93.11055122100866,138,284
11.1.1.310,11.1.1,11.1,PDE12-like_N,65,90,155,108.16923076923077,110.0,12.055301259675698,3,62
11.1.1.311,11.1.1,11.1,CueP,5,154,161,159.2,161.0,3.03315017762062,4,1
11.1.1.312,11.1.1,11.1,LIF-R_Ig-like,36,80,145,91.88888888888889,90.0,12.45741953966798,4,32
11.1.1.313,11.1.1,11.1,Glyco_hydro_39_C,66,80,165,104.72727272727273,96.0,16.875604107290915,23,43
11.1.1.314,11.1.1,11.1,TPPII_Ig-like-1,24,110,180,126.45833333333333,122.5,14.482310549100227,1,23
11.1.1.315,11.1.1,11.1,MalQ_N,58,25,220,96.34482758620689,95.0,22.71142515180173,10,48
11.1.1.316,11.1.1,11.1,OCRL-like_ASH,132,25,495,126.25,125.0,81.75250072044159,6,126
11.1.1.317,11.1.1,11.1,VEGFR-1-like_Ig-like,82,70,235,98.3780487804878,94.0,24.88325345123862,47,35
11.1.1.318,11.1.1,11.1,IL3Rb_N,35,65,130,100.42857142857143,103.0,13.754754716494379,14,21
11.1.1.319,11.1.1,11.1,HL_N-beta,53,25,290,92.01886792452831,85.0,37.93795063908644,3,50
11.1.1.32,11.1.1,11.1,Desulfoferrodox,138,75,243,113.31159420289855,123.0,22.869927573584224,98,40
11.1.1.320,11.1.1,11.1,Cwp6_N,19,120,185,138.26315789473685,125.0,22.900369005428608,2,17
11.1.1.321,11.1.1,11.1,Tor_FN3_2nd,33,80,275,127.78787878787878,125.0,42.87609880206977,2,31
11.1.1.322,11.1.1,11.1,ITGAX-like_Ig_3,43,120,190,176.65116279069767,179.0,11.158775579123777,18,25
11.1.1.323,11.1.1,11.1,AIMA-like_N,13,100,128,116.0,121.0,10.456258094238748,11,2
11.1.1.324,11.1.1,11.1,PG_0320-like_C,105,25,515,124.83809523809524,115.0,50.36923737024488,1,104
11.1.1.325,11.1.1,11.1,GldM_2nd,15,82,101,87.66666666666667,82.0,6.683312551921141,15,0
11.1.1.326,11.1.1,11.1,GldM_3rd,34,30,115,86.88235294117646,85.0,13.82743146656554,22,12
11.1.1.327,11.1.1,11.1,CRLF2-like_D2,73,61,145,99.57534246575342,95.0,13.522530384735258,37,36
11.1.1.328,11.1.1,11.1,Invasin_D4,13,80,120,95.84615384615384,95.0,11.480753124586048,1,12
11.1.1.329,11.1.1,11.1,GbpA_D3,23,95,218,120.78260869565217,108.0,29.883039461052654,6,17
11.1.1.33,11.1.1,11.1,Arch_flagellin,69,95,200,127.89855072463769,132.0,17.859043620675305,64,5
11.1.1.330,11.1.1,11.1,GH85_C,53,51,150,103.94339622641509,103.0,18.35589938112501,14,39
11.1.1.331,11.1.1,11.1,TcdA1_RBD_2,62,83,148,139.0,146.0,15.343071272257513,60,2
11.1.1.332,11.1.1,11.1,TcdA1_RBD_3,65,55,226,138.66153846153847,136.0,20.051711992898607,59,6
11.1.1.333,11.1.1,11.1,YLDV-IL18BP-like,8,105,121,111.125,109.5,5.514591035218685,5,3
11.1.1.334,11.1.1,11.1,TSLPR_D1,60,75,130,93.9,95.0,8.068982251577406,37,23
11.1.1.335,11.1.1,11.1,GlgB_N,190,60,150,98.79473684210527,100.0,7.320694280271259,15,175
11.1.1.336,11.1.1,11.1,RbmA-like_FnIII,74,25,200,121.05405405405405,117.0,23.72265080933612,40,34
11.1.1.338,11.1.1,11.1,T26-6p_Ig-like_dom,5,30,310,196.6,222.0,102.36112543343786,2,3
11.1.1.339,11.1.1,11.1,MtrC-MtrF_N,9,130,165,140.77777777777777,140.0,10.615763959529453,7,2
11.1.1.34,11.1.1,11.1,Reeler,74,25,165,138.93243243243242,145.0,18.45864023923955,8,66
11.1.1.340,11.1.1,11.1,OmcA-like_N,12,149,245,185.41666666666666,192.0,31.090654349479166,7,5
11.1.1.341,11.1.1,11.1,MtrF-like_dom-III,10,144,169,158.3,165.0,11.441153787970862,10,0
11.1.1.342,11.1.1,11.1,InlK_D2,16,85,175,127.4375,129.0,18.58303437726645,12,4
11.1.1.343,11.1.1,11.1,ScpA_C,12,100,110,101.08333333333333,100.0,2.937479851639476,4,8
11.1.1.344,11.1.1,11.1,CBM_56,18,79,145,107.38888888888889,101.5,23.024638692672347,7,11
11.1.1.345,11.1.1,11.1,FlaF_Ig-like,50,25,203,144.3,149.5,39.77551805740176,7,43
11.1.1.346,11.1.1,11.1,DUF5018-rel,6,125,131,128.0,128.0,2.0,6,0
11.1.1.348,11.1.1,11.1,BARF1_ig2,30,84,135,93.66666666666667,84.0,13.983569997860256,27,3
11.1.1.349,11.1.1,11.1,SgrA_ig-like,9,110,160,130.11111111111111,130.0,17.032648388054955,2,7
11.1.1.35,11.1.1,11.1,WIF,31,75,173,140.25806451612902,145.0,19.97659921330536,7,24
11.1.1.350,11.1.1,11.1,CR4_N,5,60,160,100.0,93.0,36.803532439155894,1,4
11.1.1.351,11.1.1,11.1,K319L-like_PKD,158,25,164,97.36075949367088,95.0,16.899183395048865,25,133
11.1.1.352,11.1.1,11.1,Big-like,35,80,205,114.68571428571428,110.0,23.847273155956216,5,30
11.1.1.353,11.1.1,11.1,TarS_C2,10,53,95,79.2,80.5,10.282671507606052,4,6
11.1.1.355,11.1.1,11.1,SMMA_N,7,109,180,137.57142857142858,125.0,28.594038672755683,2,5
11.1.1.357,11.1.1,11.1,MtxA_IG-like,9,84,110,97.11111111111111,100.0,12.149531312405063,4,5
11.1.1.358,11.1.1,11.1,EEP_ig-like,27,25,129,106.18518518518519,105.0,18.761738965321126,1,26
11.1.1.36,11.1.1,11.1,Rho_GDI,117,25,215,164.39316239316238,175.0,28.578674610612424,54,63
11.1.1.360,11.1.1,11.1,HYDIN_VesB_CFA65-like_Ig,329,65,525,121.01519756838906,115.0,32.688241154781714,5,324
11.1.1.361,11.1.1,11.1,Glyco_hydro_123_N_2,20,125,192,171.45,165.0,17.258026355415343,13,7
11.1.1.362,11.1.1,11.1,Lmo2446-like_N,8,95,113,110.25,112.0,6.181770435262516,7,1
11.1.1.363,11.1.1,11.1,C2-set_3,118,25,475,103.79661016949153,100.0,44.50248419495194,35,83
11.1.1.364,11.1.1,11.1,LPMO_AA14,7,140,278,233.85714285714286,270.0,52.56877581298799,2,5
11.1.1.365,11.1.1,11.1,ZP1_ZP4_Ig-like,44,35,130,102.77272727272727,101.5,13.610638172355248,6,38
11.1.1.366,11.1.1,11.1,Tor_FN3_1nd,7,85,200,121.42857142857143,125.0,40.07433568947065,2,5
11.1.1.37,11.1.1,11.1,E1_DerP2_DerF2,417,30,380,151.33333333333334,145.0,30.814373935318578,114,303
11.1.1.38,11.1.1,11.1,Big_2,225,55,495,103.37777777777778,90.0,42.673955385620964,67,158
11.1.1.389,11.1.1,11.1,EDR2_C,10,115,219,175.4,205.0,42.99147202256125,0,10
11.1.1.39,11.1.1,11.1,Big_1,88,80,285,109.27272727272727,100.0,31.280241375706584,14,74
11.1.1.4,11.1.1,11.1,"ig,Ig_2",49,25,300,122.93877551020408,105.0,53.614522349851455,3,46
11.1.1.40,11.1.1,11.1,Herpes_gE,8,30,185,156.5,171.0,51.34755523461101,7,1
11.1.1.41,11.1.1,11.1,Arrestin_C,464,25,375,181.8426724137931,185.0,29.965189129745877,133,331
11.1.1.42,11.1.1,11.1,PapD_C,204,65,170,90.22058823529412,89.0,11.620661387410191,119,85
11.1.1.421,11.1.1,11.1,TRAPPC10,12,110,150,127.5,125.0,12.702898738620108,0,12
11.1.1.43,11.1.1,11.1,Flavi_glycop_C,505,88,135,100.0079207920792,100.0,5.43649636182407,502,3
11.1.1.44,11.1.1,11.1,Alpha_adaptinC2,428,25,285,126.8855140186916,120.0,26.685232177419792,95,333
11.1.1.440,11.1.1,11.1,Collectrin,6,110,115,112.5,112.5,2.7386127875258306,0,6
11.1.1.45,11.1.1,11.1,Sec63,387,25,270,124.67700258397933,115.0,27.39277850653861,122,265
11.1.1.450,11.1.1,11.1,TMEM132,5,85,100,95.0,100.0,7.0710678118654755,0,5
11.1.1.46,11.1.1,11.1,Alpha-amylase_N,102,70,175,118.84313725490196,120.0,15.910482936979168,68,34
11.1.1.468,11.1.1,11.1,Gryzun,12,110,210,140.83333333333334,115.0,40.38639134734132,0,12
11.1.1.47,11.1.1,11.1,CBM_48,632,25,590,124.34177215189874,120.0,40.22220722911952,170,462
11.1.1.48,11.1.1,11.1,CelD_N,75,25,225,100.17333333333333,95.0,29.091362762637768,33,42
11.1.1.49,11.1.1,11.1,LPMO_10,178,25,318,176.8876404494382,178.0,44.354106225171925,93,85
11.1.1.5,11.1.1,11.1,Zona_pellucida,863,25,300,131.69177288528388,120.0,34.82441891336732,47,816
11.1.1.50,11.1.1,11.1,Calx-beta,139,25,205,127.45323741007195,129.0,21.457819432681106,41,98
11.1.1.504,11.1.1,11.1,Dynactin_p62,6,69,225,181.16666666666666,201.5,58.86736503926999,0,6
11.1.1.51,11.1.1,11.1,LEA_2,516,25,220,153.23062015503876,155.0,22.91815561300777,3,513
11.1.1.53,11.1.1,11.1,DOMON,76,55,215,161.64473684210526,160.0,27.635582834391087,2,74
11.1.1.54,11.1.1,11.1,CBM_21,108,33,180,125.86111111111111,130.0,20.72492667465393,13,95
11.1.1.55,11.1.1,11.1,Mo-co_dimer,150,75,195,139.91333333333333,130.0,25.507187213657502,46,104
11.1.1.550,11.1.1,11.1,Cadherin_3,11,105,140,117.27272727272727,115.0,12.32145209860355,0,11
11.1.1.56,11.1.1,11.1,CBM_X2,20,84,145,95.75,96.0,13.301661946024481,11,9
11.1.1.57,11.1.1,11.1,AA9,177,90,285,221.54237288135593,225.0,27.926438699346384,100,77
11.1.1.58,11.1.1,11.1,"Beta-APP,V-set",5,126,165,133.8,126.0,17.44133022449836,4,1
11.1.1.59,11.1.1,11.1,CagX,80,85,135,120.05,130.0,14.560132841235701,61,19
11.1.1.592,11.1.1,11.1,NUP210_Ig3,5,95,115,103.0,105.0,8.366600265340756,0,5
11.1.1.593,11.1.1,11.1,INTS7_C,5,120,165,142.0,135.0,19.557607215607945,0,5
11.1.1.6,11.1.1,11.1,A2M,534,40,230,112.15355805243446,110.0,27.406926181188695,237,297
11.1.1.60,11.1.1,11.1,Vps26,199,90,553,152.4070351758794,146.0,33.78975624392708,48,151
11.1.1.604,11.1.1,11.1,Ig_NUP210_6th,5,105,115,107.0,105.0,4.47213595499958,0,5
11.1.1.61,11.1.1,11.1,Hemocyanin_C,148,25,540,243.47972972972974,250.0,49.95827777549787,91,57
11.1.1.618,11.1.1,11.1,Ig_TMEM132_5th,6,85,135,107.5,105.0,17.81852968120546,0,6
11.1.1.62,11.1.1,11.1,Peptidase_C25_C,41,79,145,92.82926829268293,84.0,17.19142582659215,13,28
11.1.1.625,11.1.1,11.1,OST48_MD,12,120,145,135.83333333333334,140.0,9.25235432774062,0,12
11.1.1.63,11.1.1,11.1,TRAP_alpha,5,123,150,133.8,123.0,14.788509052639485,3,2
11.1.1.64,11.1.1,11.1,ICAM_N,77,80,168,94.81818181818181,85.0,19.137127921184263,45,32
11.1.1.643,11.1.1,11.1,Ig-like_POM152,7,85,103,93.28571428571429,90.0,7.565586245499765,1,6
11.1.1.65,11.1.1,11.1,CopC,94,25,220,110.68085106382979,102.0,24.522630656633588,37,57
11.1.1.652,11.1.1,11.1,Ribophorin_II_3rd,7,105,145,132.14285714285714,135.0,12.535663410560174,0,7
11.1.1.66,11.1.1,11.1,MdoG,120,50,378,118.75,115.0,36.655619675317354,7,113
11.1.1.67,11.1.1,11.1,DUF525,225,35,250,123.35555555555555,115.0,20.529547038044985,10,215
11.1.1.68,11.1.1,11.1,ASF1_hist_chap,177,90,275,161.91525423728814,155.0,26.774068273148618,76,101
11.1.1.69,11.1.1,11.1,Monooxygenase_B,78,95,190,140.6153846153846,135.0,16.713188484866354,60,18
11.1.1.7,11.1.1,11.1,"A2M,A2M_BRD",89,40,800,264.9325842696629,159.0,209.033424782259,36,53
11.1.1.70,11.1.1,11.1,Bile_Hydr_Trans,40,99,136,124.4,125.0,7.316297227983916,4,36
11.1.1.71,11.1.1,11.1,Adeno_GP19K,14,80,165,105.71428571428571,103.0,18.332101190696445,8,6
11.1.1.72,11.1.1,11.1,NEAT,204,30,547,129.82843137254903,125.0,34.214262222050145,102,102
11.1.1.73,11.1.1,11.1,Herpes_gp350_A,9,30,174,135.77777777777777,156.0,43.12997153308178,4,5
11.1.1.74,11.1.1,11.1,SVA,37,35,185,115.64864864864865,115.0,19.396758343450955,1,36
11.1.1.75,11.1.1,11.1,He_PIG,170,28,375,104.21176470588236,100.0,32.198935671941825,18,152
11.1.1.76,11.1.1,11.1,GMP_PDE_delta,151,100,250,165.04635761589404,151.0,25.719600242705788,84,67
11.1.1.77,11.1.1,11.1,Pox_vIL-18BP,5,50,124,93.2,108.0,33.92933833719721,1,4
11.1.1.78,11.1.1,11.1,BIg21,14,95,155,128.28571428571428,130.0,13.741730780187947,1,13
11.1.1.787,11.1.1,11.1,ITI_HC_C,9,50,245,179.55555555555554,195.0,75.91625502998536,0,9
11.1.1.788,11.1.1,11.1,Beta-APP,11,27,48,41.36363636363637,43.0,6.32886604808045,11,0
11.1.1.789,11.1.1,11.1,KIAA1549,14,28,125,113.42857142857143,120.0,25.205964757189108,0,14
11.1.1.79,11.1.1,11.1,Rubella_E1,13,90,105,102.15384615384616,104.0,5.193684527804801,13,0
11.1.1.790,11.1.1,11.1,FN-plug_TEN1-4,8,191,196,193.375,194.0,1.5979898086569353,8,0
11.1.1.791,11.1.1,11.1,DUF8393,5,99,100,99.4,99.0,0.5477225575051661,3,2
11.1.1.794,11.1.1,11.1,LIFR_D4,8,91,98,93.875,93.0,2.5319388392523003,8,0
11.1.1.8,11.1.1,11.1,Na_K-ATPase,183,30,248,224.39344262295083,240.0,36.0013485805975,100,83
11.1.1.81,11.1.1,11.1,C2-set,248,33,415,89.25806451612904,84.0,27.25583426538057,129,119
11.1.1.82,11.1.1,11.1,Cytomega_US3,10,95,145,115.5,107.5,22.041627284148813,4,6
11.1.1.83,11.1.1,11.1,Reovirus_L2_8th,8,66,80,69.25,68.0,4.77343841331532,8,0
11.1.1.84,11.1.1,11.1,SLAM,9,93,115,107.88888888888889,110.0,6.071335200028995,7,2
11.1.1.85,11.1.1,11.1,fn3_5,23,105,190,132.43478260869566,127.0,21.624535910850984,9,14
11.1.1.86,11.1.1,11.1,Lep_receptor_Ig,60,35,139,99.48333333333333,100.0,12.810868884736934,35,25
11.1.1.87,11.1.1,11.1,TcpF,8,130,160,140.375,133.5,11.537980759214326,2,6
11.1.1.88,11.1.1,11.1,CBM9_1,17,175,210,189.1764705882353,190.0,9.494967707407218,7,10
11.1.1.89,11.1.1,11.1,DUF1223,12,93,130,113.83333333333333,115.0,9.971170564394255,1,11
11.1.1.9,11.1.1,11.1,Arrestin_N,475,65,365,163.77473684210526,165.0,27.367282232580028,147,328
11.1.1.90,11.1.1,11.1,IalB,25,80,178,142.08,144.0,16.59045910556225,12,13
11.1.1.91,11.1.1,11.1,Spo0M,11,70,310,170.36363636363637,150.0,74.58588703940273,2,9
11.1.1.92,11.1.1,11.1,IFNGR1_D2,13,90,145,114.46153846153847,114.0,11.515318671342278,10,3
11.1.1.93,11.1.1,11.1,DUF1425,44,80,254,110.54545454545455,96.0,37.50128961841709,4,40
11.1.1.94,11.1.1,11.1,Y_Y_Y,44,30,240,120.5,117.5,34.8188000541274,18,26
11.1.1.95,11.1.1,11.1,Shr-like_HID,6,108,116,110.16666666666667,109.0,3.125166662222459,6,0
11.1.1.96,11.1.1,11.1,C1-set,26683,25,310,104.63324963459881,102.0,9.960594312449384,25922,761
11.1.1.97,11.1.1,11.1,I-set,6209,25,1500,110.38975680463842,100.0,48.28829870649062,1006,5203
11.1.1.98,11.1.1,11.1,"I-set,VEGFR-1-like_5th",446,25,595,108.5201793721973,95.0,49.10885222807355,3,443
11.1.1.99,11.1.1,11.1,V-set,31185,25,435,116.19499759499759,115.0,11.554513115370725,29024,2161
11.1.3.0,11.1.3,11.1,,20,120,174,157.6,169.0,16.452163511542373,14,6
11.1.3.1,11.1.3,11.1,Sod_Cu,1177,65,498,151.94392523364485,153.0,16.952221250554118,877,300
11.1.4.0,11.1.4,11.1,,130,60,228,109.29230769230769,109.0,31.04571426909413,108,22
11.1.4.1,11.1.4,11.1,Transthyretin,1118,35,183,115.73881932021467,115.0,10.70762808615549,991,127
11.1.4.10,11.1.4,11.1,CBM_25,37,93,193,118.10810810810811,105.0,28.1837066639809,10,27
11.1.4.11,11.1.4,11.1,PUD,45,74,205,119.06666666666666,115.0,21.05771290352475,29,16
11.1.4.12,11.1.4,11.1,Cna_B,28,45,115,85.67857142857143,90.0,16.606677754197136,8,20
11.1.4.13,11.1.4,11.1,P_gingi_FimA,39,110,165,143.48717948717947,145.0,13.297945616704533,19,20
11.1.4.14,11.1.4,11.1,UDP-g_GGTase,50,85,135,110.02,110.0,9.16624241442479,9,41
11.1.4.15,11.1.4,11.1,Mfa2,402,60,210,111.48507462686567,110.0,22.096388847934072,29,373
11.1.4.16,11.1.4,11.1,EMC7_beta-sandw,61,65,155,112.8688524590164,110.0,23.97809792973306,7,54
11.1.4.17,11.1.4,11.1,AlgF,14,80,108,90.07142857142857,89.5,9.425532310732342,6,8
11.1.4.18,11.1.4,11.1,T6SS-SciN,56,25,165,126.51785714285714,130.0,21.43318673241321,38,18
11.1.4.19,11.1.4,11.1,DUF3823,69,34,140,90.04347826086956,90.0,15.862863385360434,19,50
11.1.4.2,11.1.4,11.1,Usher,77,75,100,81.18181818181819,80.0,3.899147250655796,8,69
11.1.4.20,11.1.4,11.1,FctA,26,70,176,144.03846153846155,151.0,26.547287272684972,19,7
11.1.4.21,11.1.4,11.1,DUF3869,18,70,170,98.11111111111111,85.0,26.162138986326582,2,16
11.1.4.22,11.1.4,11.1,Mfa_like_1,23,84,195,136.95652173913044,135.0,24.2308561002656,15,8
11.1.4.23,11.1.4,11.1,CarboxypepD_reg,281,25,195,86.3202846975089,80.0,18.37847871611407,106,175
11.1.4.25,11.1.4,11.1,PapC_C,84,45,123,83.9047619047619,85.0,7.81660118974322,17,67
11.1.4.27,11.1.4,11.1,fn3_3,56,25,145,90.35714285714286,87.0,19.54614918729385,5,51
11.1.4.29,11.1.4,11.1,Fimbrillin_C,6,204,270,248.66666666666666,253.0,24.030536129405576,3,3
11.1.4.3,11.1.4,11.1,CBM_20,257,62,170,108.18677042801556,105.0,14.177313939697713,126,131
11.1.4.30,11.1.4,11.1,GramPos_pilinD1,73,105,211,147.91780821917808,148.0,17.934102697760498,62,11
11.1.4.31,11.1.4,11.1,GramPos_pilinD3,21,60,144,99.9047619047619,109.0,21.1610603749074,12,9
11.1.4.32,11.1.4,11.1,CBM26,38,55,189,101.92105263157895,99.0,18.069507806676235,21,17
11.1.4.33,11.1.4,11.1,DUF5119,6,130,291,161.0,137.5,63.84355879804947,1,5
11.1.4.34,11.1.4,11.1,SdrD_B,65,100,170,113.2,110.0,9.940762043223849,7,58
11.1.4.35,11.1.4,11.1,DUF5300,10,75,140,102.3,99.0,20.965845240930943,1,9
11.1.4.36,11.1.4,11.1,SpaA,331,50,195,110.27794561933534,109.0,25.985102317162376,110,221
11.1.4.38,11.1.4,11.1,Lipase_C,10,105,105,105.0,105.0,0.0,7,3
11.1.4.39,11.1.4,11.1,DUF5979,46,75,200,129.32608695652175,126.0,29.556765984439792,25,21
11.1.4.4,11.1.4,11.1,Dioxygenase_C,216,130,250,196.16666666666666,197.0,11.667486128474271,207,9
11.1.4.42,11.1.4,11.1,AF_1763-like_C,7,133,134,133.57142857142858,134.0,0.5345224838248488,7,0
11.1.4.43,11.1.4,11.1,X25_BaPul_like,7,85,115,100.14285714285714,100.0,10.007140307942981,1,6
11.1.4.44,11.1.4,11.1,MfA4_C,6,153,154,153.66666666666666,154.0,0.5163977794943223,4,2
11.1.4.46,11.1.4,11.1,Fim1F_C,7,110,135,127.0,128.0,8.366600265340756,2,5
11.1.4.47,11.1.4,11.1,FimA4_C,21,150,215,194.61904761904762,210.0,24.74161714697766,7,14
11.1.4.5,11.1.4,11.1,"Dioxygenase_C,Dioxygenase_N",129,25,320,233.0,256.0,90.91135792627894,55,74
11.1.4.6,11.1.4,11.1,"Dioxygenase_C,PCDO_beta_N",199,220,239,235.54773869346732,236.0,2.2352733347107665,193,6
11.1.4.68,11.1.4,11.1,TcaA_3rd_4th,10,80,95,88.5,90.0,5.296749527356901,0,10
11.1.4.7,11.1.4,11.1,TTR-52,288,65,200,112.80902777777777,115.0,13.000736581622249,2,286
11.1.4.73,11.1.4,11.1,DUF2436,8,115,150,141.25,145.0,10.938137736509681,0,8
11.1.4.8,11.1.4,11.1,Pollen_Ole_e_1,135,65,200,127.6962962962963,130.0,16.67345467075801,3,132
11.1.4.85,11.1.4,11.1,TTR_TEN1-4,8,82,152,100.75,87.0,27.628918597316524,8,0
11.1.4.9,11.1.4,11.1,VHL,201,90,109,93.59701492537313,93.0,2.1122952077718966,188,13
11.1.5.0,11.1.5,11.1,,168,22,205,147.36904761904762,150.0,38.66276110281736,139,29
11.1.5.1,11.1.5,11.1,Fimbrial,307,119,224,146.84039087947883,149.0,18.22957977934986,189,118
11.1.5.10,11.1.5,11.1,Diphtheria_R,32,154,245,168.28125,170.0,15.913545406959281,31,1
11.1.5.11,11.1.5,11.1,,7,187,188,187.14285714285714,187.0,0.37796447300922725,7,0
11.1.5.12,11.1.5,11.1,STAT_bind,91,105,195,144.3956043956044,144.0,10.860610910665631,37,54
11.1.5.13,11.1.5,11.1,CHB_HEX,12,125,180,166.41666666666666,173.0,17.469237030398393,4,8
11.1.5.14,11.1.5,11.1,PapG_N,20,185,198,194.95,196.0,3.42552339450715,16,4
11.1.5.15,11.1.5,11.1,PapG_C,12,50,123,112.41666666666667,121.0,22.297404387601766,6,6
11.1.5.16,11.1.5,11.1,PCuAC,41,90,170,131.8048780487805,125.0,19.25515452053699,24,17
11.1.5.17,11.1.5,11.1,Fimbrial_CS1,39,134,154,145.71794871794873,146.0,4.1035845559495,35,4
11.1.5.18,11.1.5,11.1,CP2,65,140,265,220.13846153846154,225.0,22.84997054366053,8,57
11.1.5.19,11.1.5,11.1,Adhesin_Dr,55,123,145,138.12727272727273,139.0,4.255952456634274,50,5
11.1.5.2,11.1.5,11.1,CBM_2,266,35,280,141.5375939849624,152.0,43.65188725134735,33,233
11.1.5.20,11.1.5,11.1,NDT80_PhoG,71,173,303,226.2394366197183,205.0,42.06371520468592,24,47
11.1.5.21,11.1.5,11.1,SCPU,21,105,165,139.28571428571428,140.0,18.284263335291516,8,13
11.1.5.22,11.1.5,11.1,Collagen_bind,29,30,205,155.24137931034483,160.0,34.67775653109002,12,17
11.1.5.23,11.1.5,11.1,AfaD,30,120,168,127.9,121.0,12.452253638986607,24,6
11.1.5.24,11.1.5,11.1,"AfaD,Saf-Nte_pilin",7,25,149,125.85714285714286,145.0,45.204824858373144,5,2
11.1.5.26,11.1.5,11.1,CblD,23,145,180,167.95652173913044,165.0,9.315081909899789,14,9
11.1.5.27,11.1.5,11.1,A2M_recep,260,83,470,146.61923076923077,145.0,29.295677059707877,131,129
11.1.5.28,11.1.5,11.1,DUF1775,14,70,170,131.28571428571428,129.5,25.143980993863725,6,8
11.1.5.29,11.1.5,11.1,Sec23_BS,303,85,210,164.44884488448844,170.0,17.60709492527508,65,238
11.1.5.3,11.1.5,11.1,RHD_DNA_bind,318,70,290,163.54088050314465,173.0,34.65080279355792,128,190
11.1.5.30,11.1.5,11.1,PAD_M,78,146,195,170.67948717948718,179.0,13.46712552341701,57,21
11.1.5.31,11.1.5,11.1,FimH_man-bind,214,110,180,157.81308411214954,158.0,4.197318261037782,206,8
11.1.5.32,11.1.5,11.1,Fim-adh_lectin,23,170,210,177.43478260869566,176.0,9.044466349182906,16,7
11.1.5.33,11.1.5,11.1,Antig_Caf1,18,131,149,138.11111111111111,135.5,7.152859476657602,18,0
11.1.5.34,11.1.5,11.1,LAG1-DNAbind,50,25,190,146.64,145.0,22.665950368834064,20,30
11.1.5.36,11.1.5,11.1,Saf-Nte_pilin,21,121,208,132.61904761904762,123.0,19.94361098315997,19,2
11.1.5.37,11.1.5,11.1,muHD,118,55,270,138.88135593220338,130.0,37.05716754585814,20,98
11.1.5.38,11.1.5,11.1,SdrG_C_C,148,45,235,167.03378378378378,170.0,22.552256939574335,53,95
11.1.5.39,11.1.5,11.1,DUF4466,13,53,180,147.15384615384616,150.0,31.580178788406066,2,11
11.1.5.4,11.1.5,11.1,Runt,97,25,185,123.5360824742268,121.0,19.930118464101692,66,31
11.1.5.40,11.1.5,11.1,BNR_assoc_N,22,163,168,165.86363636363637,166.0,1.245772070624499,21,1
11.1.5.41,11.1.5,11.1,DUF4871,6,40,139,100.83333333333333,121.0,45.92348709175585,4,2
11.1.5.42,11.1.5,11.1,Antigen_C,34,105,170,155.26470588235293,159.0,12.432383967807407,21,13
11.1.5.43,11.1.5,11.1,COE1_DBD,42,190,225,208.92857142857142,209.5,8.080065373868768,10,32
11.1.5.44,11.1.5,11.1,MatB,35,155,176,168.68571428571428,165.0,6.411255858306722,14,21
11.1.5.45,11.1.5,11.1,GramPos_pilinBB,43,30,185,156.88372093023256,161.0,23.918720803434425,33,10
11.1.5.46,11.1.5,11.1,Apocytochr_F_N,188,105,219,184.62234042553192,185.0,12.98830946383749,32,156
11.1.5.47,11.1.5,11.1,CssAB,5,119,146,132.2,130.0,13.311649033834989,2,3
11.1.5.48,11.1.5,11.1,Big_8,124,80,160,147.0483870967742,150.0,9.787045393784314,60,64
11.1.5.49,11.1.5,11.1,bMG10,27,120,160,146.62962962962962,154.0,13.545218140470624,8,19
11.1.5.5,11.1.5,11.1,P53,500,105,255,196.482,195.0,8.445135678795607,444,56
11.1.5.50,11.1.5,11.1,AgI_II_C2,30,153,195,178.0,179.0,8.525822844301528,21,9
11.1.5.51,11.1.5,11.1,STATa_Ig,13,50,275,138.6153846153846,130.0,63.73452552259053,2,11
11.1.5.52,11.1.5,11.1,Sgo0707_N2,46,93,340,166.67391304347825,155.5,41.60077688795198,13,33
11.1.5.53,11.1.5,11.1,GBS104-like_Ig,34,105,219,161.0,145.0,36.22739629650801,8,26
11.1.5.54,11.1.5,11.1,PsaS,22,25,185,131.0,132.5,30.996159516332096,14,8
11.1.5.57,11.1.5,11.1,Zona_CL2,17,115,265,181.05882352941177,168.0,43.431656928206316,1,16
11.1.5.6,11.1.5,11.1,T-box,235,115,245,184.0468085106383,185.0,13.605630607043242,70,165
11.1.5.7,11.1.5,11.1,Adap_comp_sub,710,25,320,132.58732394366197,125.0,32.944884647277426,151,559
11.1.5.8,11.1.5,11.1,CBM_3,105,60,175,153.01904761904763,153.0,11.428692764923655,78,27
11.1.5.88,11.1.5,11.1,Fimbrial_K88,22,214,269,247.0909090909091,242.5,15.228135273108913,18,4
11.1.5.9,11.1.5,11.1,Cohesin,136,74,570,154.3235294117647,146.0,42.403158923719815,82,54
11.1.6.1,11.1.6,11.1,UPA,74,25,160,126.82432432432432,140.0,32.54685057596081,1,73
11.1.6.2,11.1.6,11.1,UPA_2,46,95,155,133.08695652173913,130.0,10.962210010266121,18,28
11.1.7.1,11.1.7,11.1,PBP,365,25,490,212.73150684931508,180.0,81.47668188754673,119,246
11.1.8.1,11.1.8,11.1,CtaG_Cox11,14,80,185,122.35714285714286,122.5,26.205129101166268,2,12
11.1.9.1,11.1.9,11.1,MBG,6,80,105,95.66666666666667,96.5,8.406346808612328,3,3
